Workbook

Sheet STUFFING REPORT
A2: CONTAINER STUFFING REPORT
A5: Job Ref :
A6: Departure from the office to loading point (time/date) : | E6: 7:00 Hrs | F6: 45784 | I6: As Per Attached
A7: Arival (time/ date ) : | E7: 14:30 Hrs | F7: 45785
A8: Shipper:
A9: Buyer:
A10: Commodity:
A11: Quantity:
A12: Packing:
A13: Place of inspection:
A14: Vessel:
A15: Destination:
A16: Inspector's name
A18: Container stuffing shift total: | D18: 1 shift | E18: Type of weighment(%) : | G18: 0.1 | H18: Size of CTN: | I18: 20 feet
A20: No | B20: Container Number | C20: Condition | D20: Commence | E20: Complete | F20: No.of Bags | G20: Gross(MT) | H20: Tare(MT) | I20: Container Seal Number | J20: Key No.
A21: 1 | C21: Sound | F21: 500
A22: 2 | C22: Sound | F22: 500
A23: 3 | C23: Sound | F23: 500
A24: 4 | C24: Sound | F24: 500
A25: 5 | C25: Sound | F25: 500
A26: 6 | C26: Sound | F26: 500
A27: 7 | C27: Sound | F27: 500
A28: 8 | C28: Sound | F28: 500
A29: 9 | C29: Sound | F29: 500
A30: 10 | C30: Sound | F30: 500
A31: 11 | C31: Sound | F31: 500
A32: 12 | C32: Sound | F32: 500
... A60: 40 | C60: Sound | F60: 500
A61: TOTAL | F61: =SUM(F21:F60) -> 20000 | G61: =SUM(G21:G60) -> 0
A62: Calibration Report
A64: Type of equipment : | C64: Digital Scale
A65: Equipment used : | C65: Client | E65: Test by SGS inspector : | G65: Yes
A66: Calibrated : | C66: No | E66: Test before inspector : | G66: Yes
A67: Calibration report present : | C67: No | E67: Calibration found in order: | G67: Yes
A68: Test weight : | C68: 10 kg | E68: Test weight No : | G68: 2

Sheet WEIGHT LIST (SUMMARY)
A2: WEIGHT LIST (SUMMARY)
A4: Job Ref : | C4: ='STUFFING REPORT'!E5 -> 0
A5: Shipper Name : | C5: ='STUFFING REPORT'!E8 -> 0
A6: Commodity : | C6: ='STUFFING REPORT'!E10 -> 0
A7: Place of Inspection : | C7: ='STUFFING REPORT'!E13 -> 0
A8: Weight % | C8: 0.1
A9: Shipped Bags : | C9: ='STUFFING REPORT'!F61&" Bags" -> 20000 Bags
A11: Page No. | B11: Weighing Bags | C11: Total Gross Weight | D11: Unit lbs/viss/kgs
A12: 1 | B12: 200 | D12: kgs | F12: Per Bag Gross kgs | G12: =C27/B27 -> 0 | H12: Total Gross MT : | I12: =G12*'STUFFING REPORT'!F61/1000 -> 0
A13: 2 | B13: 200 | D13: kgs | F13: Per Bag Tare kgs | H13: Total Tare MT : | I13: =G13*'STUFFING REPORT'!F61/1000 -> 0
A14: 3 | B14: 200 | D14: kgs | F14: Per Bag Net kgs | G14: =G12-G13 -> 0 | H14: Total Net MT : | I14: =G14*'STUFFING REPORT'!F61/1000 -> 0
A15: 4 | B15: 200 | D15: kgs | F15: Additional Bags : | H15: Additional Net MT : | I15: =G15/1000 -> 0
A16: 5 | B16: 200 | D16: kgs | F16: Grand Total Net MT : | I16: =SUM(I14:I15) -> 0
A17: 6 | B17: 200 | D17: kgs
A18: 7 | B18: 200 | D18: kgs
A19: 8 | B19: 200 | D19: kgs
A20: 9 | B20: 200 | D20: kgs
A21: 10 | B21: 200 | D21: kgs
A22: 11
A23: 12
A24: 13
A25: 14
A26: 15
A27: TOTAL | B27: =SUM(B12:B26) -> 2000 | C27: =SUM(C12:C26) -> 0 | D27: kgs

Sheet TALLY FORM
B2: TALLY FORM
A4: NAME OF VESSEL : | C4: ='STUFFING REPORT'!E14 -> 0 | F4: QUALITY/CROP : | H4: ='STUFFING REPORT'!E10 -> 0
A5: DATE & SHIFT : | C5: ='STUFFING REPORT'!F6 -> 45784 | F5: BALANCE :
A6: SHIPPER : | C6: ='STUFFING REPORT'!E8 -> 0 | F6: SI NUMBER :
A7: HATCH NO. | C7: BY CONTAINER | F7: MARKING : | H7: As Per Attached
A9: NO | B9: TRUCK NO./ CONTAINER NO. | C9: NO OF BAGS PER SLING / NO OF BAGS PER ROW | M9: TOTAL | N9: ADDITIONAL (Bags)
C10: 1 | D10: 2 | E10: 3 | F10: 4 | G10: 5 | H10: 6 | I10: 7 | J10: 8 | K10: 9 | L10: 10
A11: 1 | B11: ='STUFFING REPORT'!B21 -> 0 | C11: 62 | D11: 62 | E11: 62 | F11: 62 | G11: 62 | H11: 62 | I11: 62 | L11: - | M11: =SUM(C11:L11) -> 434
A12: 2 | B12: ='STUFFING REPORT'!B22 -> 0 | C12: 62 | D12: 62 | E12: 62 | F12: 62 | G12: 62 | H12: 62 | I12: 62 | L12: - | M12: =SUM(C12:L12) -> 434
A13: 3 | B13: ='STUFFING REPORT'!B23 -> 0 | C13: 62 | D13: 62 | E13: 62 | F13: 62 | G13: 62 | H13: 62 | I13: 62 | L13: - | M13: =SUM(C13:L13) -> 434
A14: 4 | B14: ='STUFFING REPORT'!B24 -> 0 | C14: 62 | D14: 62 | E14: 62 | F14: 62 | G14: 62 | H14: 62 | I14: 62 | L14: - | M14: =SUM(C14:L14) -> 434
A15: 5 | B15: ='STUFFING REPORT'!B25 -> 0 | C15: 62 | D15: 62 | E15: 62 | F15: 62 | G15: 62 | H15: 62 | I15: 62 | L15: - | M15: =SUM(C15:L15) -> 434
A16: 6 | B16: ='STUFFING REPORT'!B26 -> 0 | C16: 62 | D16: 62 | E16: 62 | F16: 62 | G16: 62 | H16: 62 | I16: 62 | L16: - | M16: =SUM(C16:L16) -> 434
A17: 7 | B17: ='STUFFING REPORT'!B27 -> 0 | C17: 62 | D17: 62 | E17: 62 | F17: 62 | G17: 62 | H17: 62 | I17: 62 | L17: - | M17: =SUM(C17:L17) -> 434
A18: 8 | B18: ='STUFFING REPORT'!B28 -> 0 | C18: 62 | D18: 62 | E18: 62 | F18: 62 | G18: 62 | H18: 62 | I18: 62 | L18: - | M18: =SUM(C18:L18) -> 434
A19: 9 | B19: ='STUFFING REPORT'!B29 -> 0 | C19: 62 | D19: 62 | E19: 62 | F19: 62 | G19: 62 | H19: 62 | I19: 62 | L19: - | M19: =SUM(C19:L19) -> 434
A20: 10 | B20: ='STUFFING REPORT'!B30 -> 0 | C20: 62 | D20: 62 | E20: 62 | F20: 62 | G20: 62 | H20: 62 | I20: 62 | L20: - | M20: =SUM(C20:L20) -> 434
A21: 11 | B21: ='STUFFING REPORT'!B31 -> 0 | C21: 62 | D21: 62 | E21: 62 | F21: 62 | G21: 62 | H21: 62 | I21: 62 | L21: - | M21: =SUM(C21:L21) -> 434
A22: 12 | B22: ='STUFFING REPORT'!B32 -> 0 | C22: 62 | D22: 62 | E22: 62 | F22: 62 | G22: 62 | H22: 62 | I22: 62 | L22: - | M22: =SUM(C22:L22) -> 434
... A50: 40 | B50: ='STUFFING REPORT'!B60 -> 0 | C50: 62 | D50: 62 | E50: 62 | F50: 62 | G50: 62 | H50: 62 | I50: 62 | L50: - | M50: =SUM(C50:L50) -> 434
J51: TOTAL | M51: =SUM(M11:M50) -> 17360 | N51: =SUM(N11:N50) -> 0

Sheet VGM REPORT
A2: Verified Gross Mass (VGM) Field Report
A4: Shipper : | B4: ='STUFFING REPORT'!E8 -> 0 | E4: Place of inspection : | I4: ='STUFFING REPORT'!E13 -> 0
A5: Commodity: | B5: ='STUFFING REPORT'!E10 -> 0 | E5: Inspection Started on (Date & Time) | I5: Date : | J5: ='STUFFING REPORT'!F6 -> 45784 | K5: Time : | L5: ='STUFFING REPORT'!D21 -> 0
A6: Vessel : | B6: ='STUFFING REPORT'!E14 -> 0 | E6: Inspection Completed on (Date & Time) | I6: Date : | K6: Time : | L6: ='STUFFING REPORT'!E30 -> 0
A8: Sr. | B8: Container Number | C8: Number of Bags in Container | D8: Per bag Gross Weight (kgs) | E8: Total Gorss Weight of the Cargo (kgs) | F8: Other Packages (kgs) | K8: Container Tare Weight (kgs) (as declared at the container) | L8: Total Weigt (kgs)
F9: Seal | H9: Additional Weight
A10: 1 | B10: ='STUFFING REPORT'!B21 -> 0 | C10: ='STUFFING REPORT'!F21 -> 500 | E10: =C10*D10 -> 0 | F10: 0.012 | L10: =SUM(E10:K10) -> 0.012
A11: 2 | B11: ='STUFFING REPORT'!B22 -> 0 | C11: ='STUFFING REPORT'!F22 -> 500 | E11: =C11*D11 -> 0 | F11: 0.012 | L11: =SUM(E11:K11) -> 0.012
A12: 3 | B12: ='STUFFING REPORT'!B23 -> 0 | C12: ='STUFFING REPORT'!F23 -> 500 | E12: =C12*D12 -> 0 | F12: 0.012 | L12: =SUM(E12:K12) -> 0.012
A13: 4 | B13: ='STUFFING REPORT'!B24 -> 0 | C13: ='STUFFING REPORT'!F24 -> 500 | E13: =C13*D13 -> 0 | F13: 0.012 | L13: =SUM(E13:K13) -> 0.012
A14: 5 | B14: ='STUFFING REPORT'!B25 -> 0 | C14: ='STUFFING REPORT'!F25 -> 500 | E14: =C14*D14 -> 0 | F14: 0.012 | L14: =SUM(E14:K14) -> 0.012
A15: 6 | B15: ='STUFFING REPORT'!B26 -> 0 | C15: ='STUFFING REPORT'!F26 -> 500 | E15: =C15*D15 -> 0 | F15: 0.012 | L15: =SUM(E15:K15) -> 0.012
A16: 7 | B16: ='STUFFING REPORT'!B27 -> 0 | C16: ='STUFFING REPORT'!F27 -> 500 | E16: =C16*D16 -> 0 | F16: 0.012 | L16: =SUM(E16:K16) -> 0.012
A17: 8 | B17: ='STUFFING REPORT'!B28 -> 0 | C17: ='STUFFING REPORT'!F28 -> 500 | E17: =C17*D17 -> 0 | F17: 0.012 | L17: =SUM(E17:K17) -> 0.012
A18: 9 | B18: ='STUFFING REPORT'!B29 -> 0 | C18: ='STUFFING REPORT'!F29 -> 500 | E18: =C18*D18 -> 0 | F18: 0.012 | L18: =SUM(E18:K18) -> 0.012
A19: 10 | B19: ='STUFFING REPORT'!B30 -> 0 | C19: ='STUFFING REPORT'!F30 -> 500 | E19: =C19*D19 -> 0 | F19: 0.012 | L19: =SUM(E19:K19) -> 0.012
A20: 11 | B20: ='STUFFING REPORT'!B31 -> 0 | C20: ='STUFFING REPORT'!F31 -> 500 | E20: =C20*D20 -> 0 | F20: 0.012 | L20: =SUM(E20:K20) -> 0.012
A21: 12 | B21: ='STUFFING REPORT'!B32 -> 0 | C21: ='STUFFING REPORT'!F32 -> 500 | E21: =C21*D21 -> 0 | F21: 0.012 | L21: =SUM(E21:K21) -> 0.012
... A28: 19 | B28: ='STUFFING REPORT'!B39 -> 0 | C28: ='STUFFING REPORT'!F39 -> 500 | E28: =C28*D28 -> 0 | F28: 0.012 | L28: =SUM(E28:K28) -> 0.012
A29: 20 | B29: ='STUFFING REPORT'!B40 -> 0 | C29: ='STUFFING REPORT'!F49 -> 500 | E29: =C29*D29 -> 0 | F29: 0.012 | L29: =SUM(E29:K29) -> 0.012
A30: 21 | B30: ='STUFFING REPORT'!B41 -> 0 | C30: ='STUFFING REPORT'!F41 -> 500 | E30: =C30*D30 -> 0 | F30: 0.012 | L30: =SUM(E30:K30) -> 0.012
A31: 22 | B31: ='STUFFING REPORT'!B42 -> 0 | C31: ='STUFFING REPORT'!F42 -> 500 | E31: =C31*D31 -> 0 | F31: 0.012 | L31: =SUM(E31:K31) -> 0.012
A32: 23 | B32: ='STUFFING REPORT'!B43 -> 0 | C32: ='STUFFING REPORT'!F43 -> 500 | E32: =C32*D32 -> 0 | F32: 0.012 | L32: =SUM(E32:K32) -> 0.012
A33: 24 | B33: ='STUFFING REPORT'!B44 -> 0 | C33: ='STUFFING REPORT'!F44 -> 500 | E33: =C33*D33 -> 0 | F33: 0.012 | L33: =SUM(E33:K33) -> 0.012
A34: 25 | B34: ='STUFFING REPORT'!B45 -> 0 | C34: ='STUFFING REPORT'!F45 -> 500 | E34: =C34*D34 -> 0 | F34: 0.012 | L34: =SUM(E34:K34) -> 0.012
A35: 26 | B35: ='STUFFING REPORT'!B46 -> 0 | C35: ='STUFFING REPORT'!F46 -> 500 | E35: =C35*D35 -> 0 | F35: 0.012 | L35: =SUM(E35:K35) -> 0.012
A36: 27 | B36: ='STUFFING REPORT'!B47 -> 0 | C36: ='STUFFING REPORT'!F47 -> 500 | E36: =C36*D36 -> 0 | F36: 0.012 | L36: =SUM(E36:K36) -> 0.012
A37: 28 | B37: ='STUFFING REPORT'!B48 -> 0 | C37: ='STUFFING REPORT'!F48 -> 500 | E37: =C37*D37 -> 0 | F37: 0.012 | L37: =SUM(E37:K37) -> 0.012
A38: 29 | B38: ='STUFFING REPORT'!B49 -> 0 | C38: ='STUFFING REPORT'!F49 -> 500 | E38: =C38*D38 -> 0 | F38: 0.012 | L38: =SUM(E38:K38) -> 0.012
A39: 30 | B39: ='STUFFING REPORT'!B50 -> 0 | C39: ='STUFFING REPORT'!F50 -> 500 | E39: =C39*D39 -> 0 | F39: 0.012 | L39: =SUM(E39:K39) -> 0.012
A40: 31 | B40: ='STUFFING REPORT'!B51 -> 0 | C40: ='STUFFING REPORT'!F51 -> 500 | E40: =C40*D40 -> 0 | F40: 0.012 | L40: =SUM(E40:K40) -> 0.012
A41: 32 | B41: ='STUFFING REPORT'!B52 -> 0 | C41: ='STUFFING REPORT'!F52 -> 500 | E41: =C41*D41 -> 0 | F41: 0.012 | L41: =SUM(E41:K41) -> 0.012
... A49: 40 | B49: ='STUFFING REPORT'!B60 -> 0 | C49: ='STUFFING REPORT'!F60 -> 500 | E49: =C49*D49 -> 0 | F49: 0.012 | L49: =SUM(E49:K49) -> 0.012

Sheet CTN SURVEY REPORT
A2: CONTAINER SURVEY REPORT
A4: CLIENT : | B4: ='STUFFING REPORT'!E8 -> 0 | G4: JOB ORDER NO: | I4: ='STUFFING REPORT'!E5 -> 0
A5: COMMODITY: | B5: ='STUFFING REPORT'!E10 -> 0 | G5: LOCATION : | I5: ='STUFFING REPORT'!E13 -> 0
A6: QUANTITY : | B6: ='STUFFING REPORT'!E11 -> 0 | G6: DATE : | I6: ='STUFFING REPORT'!F6 -> 45784
A8: Sr No. | B8: Container Number | C8: Hole (or) Dented | D8: Floor Type | E8: Floor Damage | F8: Free of Odour | G8: Free of Infestation | H8: Clean & Dry | I8: Color | J8: Size of Container | K8: Type of Container | L8: Suitable for Stuffing
A9: 1 | B9: ='STUFFING REPORT'!B21 -> 0 | C9: No | D9: Wood | E9: No | F9: Yes | G9: Yes | H9: Yes | J9: 20' | K9: Steel | L9: Yes
A10: 2 | B10: ='STUFFING REPORT'!B22 -> 0 | C10: No | D10: Wood | E10: No | F10: Yes | G10: Yes | H10: Yes | J10: 20' | K10: Steel | L10: Yes
A11: 3 | B11: ='STUFFING REPORT'!B23 -> 0 | C11: No | D11: Wood | E11: No | F11: Yes | G11: Yes | H11: Yes | J11: 20' | K11: Steel | L11: Yes
A12: 4 | B12: ='STUFFING REPORT'!B24 -> 0 | C12: No | D12: Wood | E12: No | F12: Yes | G12: Yes | H12: Yes | J12: 20' | K12: Steel | L12: Yes
A13: 5 | B13: ='STUFFING REPORT'!B25 -> 0 | C13: No | D13: Wood | E13: No | F13: Yes | G13: Yes | H13: Yes | J13: 20' | K13: Steel | L13: Yes
A14: 6 | B14: ='STUFFING REPORT'!B26 -> 0 | C14: No | D14: Wood | E14: No | F14: Yes | G14: Yes | H14: Yes | J14: 20' | K14: Steel | L14: Yes
A15: 7 | B15: ='STUFFING REPORT'!B27 -> 0 | C15: No | D15: Wood | E15: No | F15: Yes | G15: Yes | H15: Yes | J15: 20' | K15: Steel | L15: Yes
A16: 8 | B16: ='STUFFING REPORT'!B28 -> 0 | C16: No | D16: Wood | E16: No | F16: Yes | G16: Yes | H16: Yes | J16: 20' | K16: Steel | L16: Yes
A17: 9 | B17: ='STUFFING REPORT'!B29 -> 0 | C17: No | D17: Wood | E17: No | F17: Yes | G17: Yes | H17: Yes | J17: 20' | K17: Steel | L17: Yes
A18: 10 | B18: ='STUFFING REPORT'!B30 -> 0 | C18: No | D18: Wood | E18: No | F18: Yes | G18: Yes | H18: Yes | J18: 20' | K18: Steel | L18: Yes
A19: 11 | B19: ='STUFFING REPORT'!B31 -> 0 | C19: No | D19: Wood | E19: No | F19: Yes | G19: Yes | H19: Yes | J19: 20' | K19: Steel | L19: Yes
A20: 12 | B20: ='STUFFING REPORT'!B32 -> 0 | C20: No | D20: Wood | E20: No | F20: Yes | G20: Yes | H20: Yes | J20: 20' | K20: Steel | L20: Yes
... A48: 40 | B48: ='STUFFING REPORT'!B60 -> 0 | C48: No | D48: Wood | E48: No | F48: Yes | G48: Yes | H48: Yes | J48: 20' | K48: Steel | L48: Yes
